{
	"format_version": "1.8.0",
	"animations": {
		"float": {
			"loop": true,
			"animation_length": 2,
			"bones": {
				"body": {
					"position": {
						"0.0": [0, 0, 0],
						"0.0417": [0, 0.56643, 0],
						"0.0833": [0, 1.07683, 0],
						"0.125": [0, 1.54563, 0],
						"0.1667": [0, 1.98153, 0],
						"0.2083": [0, 2.38995, 0],
						"0.25": [0, 2.77457, 0],
						"0.2917": [0, 3.13795, 0],
						"0.3333": [0, 3.48188, 0],
						"0.375": [0, 3.80762, 0],
						"0.4167": [0, 4.11589, 0],
						"0.4583": [0, 4.40719, 0],
						"0.5": [0, 4.68165, 0],
						"0.5417": [0, 4.93914, 0],
						"0.5833": [0, 5.17918, 0],
						"0.625": [0, 5.401, 0],
						"0.6667": [0, 5.6033, 0],
						"0.7083": [0, 5.78452, 0],
						"0.75": [0, 5.94212, 0],
						"0.7917": [0, 6.07283, 0],
						"0.8333": [0, 6.1717, 0],
						"0.875": [0, 6.23151, 0],
						"0.9167": [0, 6.24055, 0],
						"0.9583": [0, 6.17804, 0],
						"1.0": [0, 6, 0],
						"1.0417": [0, 5.67775, 0],
						"1.0833": [0, 5.28437, 0],
						"1.125": [0, 4.85491, 0],
						"1.2917": [0, 3.036, 0],
						"1.3333": [0, 2.58845, 0],
						"1.375": [0, 2.15203, 0],
						"1.4167": [0, 1.73001, 0],
						"1.4583": [0, 1.32552, 0],
						"1.5": [0, 0.94186, 0],
						"1.5417": [0, 0.58234, 0],
						"1.5833": [0, 0.25062, 0],
						"1.625": [0, -0.04923, 0],
						"1.6667": [0, -0.31241, 0],
						"1.7083": [0, -0.53332, 0],
						"1.75": [0, -0.70546, 0],
						"1.7917": [0, -0.82015, 0],
						"1.8333": [0, -0.86711, 0],
						"1.875": [0, -0.83234, 0],
						"1.9167": [0, -0.69683, 0],
						"1.9583": [0, -0.43322, 0],
						"2.0": [0, 0, 0]
					}
				}
			}
		}
	}
}